[
  {
    "value": "mumbai",
    "synonyms": [
      "mumbai"
    ]
  },
  {
    "value": "gurgaon",
    "synonyms": [
      "gurgaon",
      "gurugram"
    ]
  },
  {
    "value": "kolkata",
    "synonyms": [
      "kolkata"
    ]
  },
  {
    "value": "noida",
    "synonyms": [
      "noida"
    ]
  },
  {
    "value": "pune",
    "synonyms": [
      "pune"
    ]
  },
  {
    "value": "jhansi",
    "synonyms": [
      "jhansi"
    ]
  },
  {
    "value": "indore",
    "synonyms": [
      "indore"
    ]
  },
  {
    "value": "patna",
    "synonyms": [
      "patna"
    ]
  },
  {
    "value": "faridabad",
    "synonyms": [
      "faridabad"
    ]
  },
  {
    "value": "marathalli",
    "synonyms": [
      "marathalli"
    ]
  },
  {
    "value": "hyderabad",
    "synonyms": [
      "hyderabad"
    ]
  },
  {
    "value": "kanpur",
    "synonyms": [
      "kanpur"
    ]
  },
  {
    "value": "bareilly",
    "synonyms": [
      "bareilly"
    ]
  },
  {
    "value": "barabanki",
    "synonyms": [
      "barabanki"
    ]
  },
  {
    "value": "hsr layout",
    "synonyms": [
      "hsr layout"
    ]
  },
  {
    "value": "saharanpur",
    "synonyms": [
      "saharanpur"
    ]
  },
  {
    "value": "bangalore",
    "synonyms": [
      "bangalore",
      "Bengaluru"
    ]
  },
  {
    "value": "hbr layout",
    "synonyms": [
      "hbr layout"
    ]
  },
  {
    "value": "lucknow",
    "synonyms": [
      "lucknow"
    ]
  },
  {
    "value": "raiganj",
    "synonyms": [
      "raiganj"
    ]
  },
  {
    "value": "azamgarh",
    "synonyms": [
      "azamgarh"
    ]
  },
  {
    "value": "agra",
    "synonyms": [
      "agra"
    ]
  },
  {
    "value": "varanasi",
    "synonyms": [
      "banaras",
      "varanasi"
    ]
  },
  {
    "value": "bhopal",
    "synonyms": [
      "bhopal"
    ]
  },
  {
    "value": "delhi",
    "synonyms": [
      "new delhi",
      "delhi"
    ]
  },
  {
    "value": "orai",
    "synonyms": [
      "orai"
    ]
  }
]