[
  {
    "value": "plasma",
    "synonyms": [
      "plasma"
    ]
  },
  {
    "value": "hospital",
    "synonyms": [
      "hospital"
    ]
  },
  {
    "value": "hospital bed",
    "synonyms": [
      "hospital bed"
    ]
  },
  {
    "value": "icu",
    "synonyms": [
      "icu"
    ]
  },
  {
    "value": "icu bed",
    "synonyms": [
      "icu bed"
    ]
  },
  {
    "value": "oxygen",
    "synonyms": [
      "oxygen",
      "o2"
    ]
  },
  {
    "value": "oxygen cylinder",
    "synonyms": [
      "oxygen cylinder",
      "o2 cylinder"
    ]
  },
  {
    "value": "medicine",
    "synonyms": [
      "medicine",
      "Remdesivir"
    ]
  },
  {
    "value": "food",
    "synonyms": [
      "food",
      "homemade food",
      "home food",
      "khana",
      "ghar ka khana"
    ]
  },
  {
    "value": "blood",
    "synonyms": [
      "blood"
    ]
  },
  {
    "value": "oxygen refilling",
    "synonyms": [
      "oxygen refilling",
      "oxygen cylinder refilling"
    ]
  },
  {
    "value": "oxygen bed",
    "synonyms": [
      "oxygen bed",
      "o2 bed",
      "hospital bed with oxygen support",
      "oxygen beds",
      "hospital with oxygen support"
    ]
  },
  {
    "value": "ambulance",
    "synonyms": [
      "ambulance",
      "ambulance service"
    ]
  },
  {
    "value": "fabiflu",
    "synonyms": [
      "fabiflu"
    ]
  },
  {
    "value": "oxygen concentrator",
    "synonyms": [
      "oxygen concentrator"
    ]
  },
  {
    "value": "covid test lab",
    "synonyms": [
      "covid test lab",
      "covid test labs"
    ]
  },
  {
    "value": "medical store",
    "synonyms": [
      "medical store"
    ]
  },
  {
    "value": "pharmacy",
    "synonyms": [
      "pharmacy",
      "pharmacy store"
    ]
  },
  {
    "value": "blood bank",
    "synonyms": [
      "blood bank"
    ]
  },
  {
    "value": "oximeter",
    "synonyms": [
      "oximeter"
    ]
  },
  {
    "value": "oxygen regulator",
    "synonyms": [
      "oxygen regulator"
    ]
  },
  {
    "value": "oxygen cylinder kit",
    "synonyms": [
      "oxygen cylinder kit"
    ]
  },
  {
    "value": "doctor",
    "synonyms": [
      "doctor",
      "chest doctor",
      "Pediatrician",
      "pulmonologist"
    ]
  },
  {
    "value": "ngo",
    "synonyms": [
      "ngo"
    ]
  },
  {
    "value": "covid command center",
    "synonyms": [
      "covid command center",
      "covid center"
    ]
  },
  {
    "value": "oxygen can",
    "synonyms": [
      "oxygen can",
      "oxygen cans"
    ]
  },
  {
    "value": "ventilator bed",
    "synonyms": [
      "ventilator bed",
      "ventilator beds"
    ]
  }
]