[
  {
    "value": "plasma",
    "synonyms": [
      "plasma"
    ]
  },
  {
    "value": "hospital",
    "synonyms": [
      "hospital"
    ]
  },
  {
    "value": "hospital bed",
    "synonyms": [
      "hospital bed"
    ]
  },
  {
    "value": "icu",
    "synonyms": [
      "icu"
    ]
  },
  {
    "value": "icu bed",
    "synonyms": [
      "icu bed"
    ]
  },
  {
    "value": "oxygen",
    "synonyms": [
      "oxygen"
    ]
  },
  {
    "value": "oxygen cylinder",
    "synonyms": [
      "oxygen cylinder"
    ]
  },
  {
    "value": "medicine",
    "synonyms": [
      "medicine",
      "fabiflu",
      "Remdesivir"
    ]
  },
  {
    "value": "food",
    "synonyms": [
      "food",
      "homemade food",
      "home food"
    ]
  },
  {
    "value": "blood",
    "synonyms": [
      "blood"
    ]
  }
]